{
  "rbf": 0.3825917627571358,
  "linear": 0.5675011674780983,
  "poly_d3": 0.06574839633231483,
  "quantum_reps2": 0.042014368926998266
}