{
  "acc": {
    "svm": {
      "mean": 0.9586978008401286,
      "std": 0.011264746861840041,
      "n": 4
    },
    "qsvm": {
      "mean": 0.6274153694094391,
      "std": 0.000756104874401973,
      "n": 4
    },
    "t_paired": {
      "statistic": 59.07168177606642,
      "pvalue": 1.0687715126351754e-05
    },
    "wilcoxon": {
      "statistic": 0.0,
      "pvalue": 0.125
    },
    "cohens_d": 29.53584088803321
  },
  "f1": {
    "svm": {
      "mean": 0.9674917664819409,
      "std": 0.008973719766731735,
      "n": 4
    },
    "qsvm": {
      "mean": 0.7710572473503507,
      "std": 0.0005709726128349514,
      "n": 4
    },
    "t_paired": {
      "statistic": 43.980242933539756,
      "pvalue": 2.5875584361510744e-05
    },
    "wilcoxon": {
      "statistic": 0.0,
      "pvalue": 0.125
    },
    "cohens_d": 21.990121466769878
  }
}